<?xml version="1.0" encoding="utf-8"?>
<prefix name="iispasswordchangeinterval" label="iispasswordchangeinterval" language_tag="en" language_label="English">
	<key name="change_password_per_day_label">
        <value>Change Password Interval(Day)</value>
    </key>
    <key name="change_password_per_day_description">
        <value>You can force users to change their password at every specific day. Also you can choose how to deal with users that their password expired. When password of user expired, plugin notify user automatically to change password.</value>
    </key>
    <key name="deal_with_expired_password">
        <value>Deal with expired passwords</value>
    </key>
    <key name="deal_with_expired_password_normal_without_notif">
        <value>Users can do anything</value>
    </key>
    <key name="deal_with_expired_password_normal_with_notif">
        <value>Users can do anything with notifying about their password expiration</value>
    </key>
    <key name="deal_with_expired_password_force_with_notif">
        <value>Users can not do anything until change password</value>
    </key>
    <key name="title_setting_change_password">
        <value>Change Password (Day)</value>
    </key>
	<key name="title_change_password">
        <value>Change password</value>
    </key>
    <key name="description_change_password">
        <value>You should change password for security issue.</value>
    </key>
    <key name="settings_successfuly_saved">
        <value>Settings successfuly saved</value>
    </key>
    <key name="password_validation_header">
        <value>Passwords Validation Setting</value>
    </key>
    <key name="set_all_password_invalid">
        <value>Set all passwords invalid</value>
    </key>
    <key name="set_all_password_valid">
        <value>Set all passwords valid</value>
    </key>
    <key name="set_all_password_invalid_description">
        <value>You can set all passwords invalid and users will forced to change their password.</value>
    </key>
    <key name="set_all_password_valid_description">
        <value>You can set all passwords valid and users will not forced to change their password.</value>
    </key>
    <key name="database_record_invalidate">
        <value>Password is invalid now.</value>
    </key>
    <key name="database_all_record_invalidate">
        <value>All passwords is invalid now.</value>
    </key>
    <key name="invalid_users_header">
        <value>Invalid Users</value>
    </key>
    <key name="valid_users_header">
        <value>Valid Users</value>
    </key>
    <key name="invalidate_user_passwprd_warning">
        <value>Are you sure to invalidate password of this user?</value>
    </key>
    <key name="invalidate_status_label">
        <value>Invaldidate password of this user</value>
    </key>
    <key name="email_for_changing_password_description">
        <value>Dear user ($username),
            &lt;br&gt;&lt;br&gt;
            You should change your password for security issue. You can change your password with bellow link:</value>
    </key>
    <key name="email_for_changing_password_subject">
        <value>Change your password</value>
    </key>
    <key name="password_is_invalid_header">
        <value>Your password is invalid</value>
    </key>
    <key name="password_is_invalid_description">
        <value>Your previous password is invalid for a security issue. You should enter from link that sent to your email.</value>
    </key>
    <key name="resend_email_change_password_label">
        <value>Resend email for changing your password</value>
    </key>
    <key name="change_password_link_sent">
        <value>Email sent.</value>
    </key>
    <key name="username_label">
        <value>Username</value>
    </key>
    <key name="email_label">
        <value>Email</value>
    </key>
    <key name="token_is_expired_description">
        <value>Your token for changing your password has been invalid. You should click on resend link.</value>
    </key>
    <key name="password_is_empty">
        <value>Password field can not be empty.</value>
    </key>
    <key name="repeated_password_is_empty">
        <value>Repeated password field can not be empty.</value>
    </key>
    <key name="password_is_equal_with_old_password">
        <value>New password can not be equal with previous password.</value>
    </key>
    <key name="password_is_not_equal_with_repeated_password">
        <value>Password should equal with repeated password.</value>
    </key>
    <key name="password_changed_successfully">
        <value>Your password changed successfully.</value>
    </key>
    <key name="password_is_not_secure">
        <value>Your password is not secure.</value>
    </key>
    <key name="search_username">
        <value>
            Search by username or email
        </value>
    </key>
    <key name="find_users">
        <value>
            User's search
        </value>
    </key>
    <key name="find_users_placeholder">
        <value>
            Enter part of username or email
        </value>
    </key>
    <key name="admin_page_heading">
        <value>
            Password interval change settings
        </value>
    </key>
    <key name="admin_page_title">
        <value>
            Password interval change settings
        </value>
    </key>

</prefix>
