<?xml version="1.0" encoding="utf-8"?>
<prefix name="iisgroupsplus" label="iisgroupsplus" language_tag="en" language_label="English">
	<key name="no_category">
        <value>
			No Category
        </value>
    </key>
	<key name="are_you_sure">
        <value>
			Are you sure?(If you delete this category, all events of this category will be categorized as no category type)
        </value>
    </key>
	<key name="search_btn_label">
        <value>
			Search
        </value>
    </key>
	<key name="select_category">
        <value>
			Any category
        </value>
    </key>
	<key name="view_category_label">
        <value>
			Category: {$categoryLabel}
        </value>
    </key>
	<key name="admin_category_title">
        <value>
		iisgroupsplus setting
        </value>
    </key>
	<key name="admin_category_heading">
        <value>
		iisgroupsplus setting
        </value>
    </key>
	<key name="label_category_label">
        <value>
			Enter Your Category
        </value>
    </key>
	<key name="name_category">
        <value>
			Category Name
        </value>
    </key>
	<key name="form_add_category_submit">
        <value>
			Save
        </value>
    </key>
	<key name="edit_item">
        <value>
			Edit
        </value>
    </key>
	<key name="edit_item_page_title">
        <value>
			Edit category
        </value>
    </key>
	<key name="database_record_edit">
        <value>
			Data base has been saved successfully
        </value>
    </key>
	<key name="delete_item">
        <value>
			Delete
        </value>
    </key>
	<key name="label_error_already_exist">
        <value>
			Category already existed
        </value>
    </key>
	<key name="search_title">
        <value>
			Search by group Title
        </value>
    </key>
    <key name="iisgroupsplus_settings">
        <value>
            Group Plus setting
        </value>
    </key>
    <key name="iisgroupsplus_already_connected">
        <value>
            Connected to Group Plus
        </value>
    </key>
    <key name="connect_iisgroupsplus_to_entity">
        <value>
            Connect to Group Plus
        </value>
    </key>
    <key name="pending_invitation">
        <value>
            Invited users
        </value>
    </key>
    <key name="no_pending_invitation">
        <value>
            There is no invited users.
        </value>
    </key>
		<key name="delete_user_as_manager_success_message">
        <value>
                User is not manager anymore
        </value>
    </key>
    <key name="add_user_as_manager_success_message">
        <value>
                user is now group manager
        </value>
    </key>
    <key name="remove_group_user_manager_label">
        <value>
                remove user from manager
        </value>
    </key>
    <key name="delete_group_user_confirmation">
        <value>
                are you sure?
        </value>
    </key>
    <key name="add_group_user_as_manager_label">
        <value>
                assign user manager
        </value>
    </key>
    <key name="group_owner_delete_error">
        <value>
                manager role can not be removed from owner of a group
        </value>
    </key>
	<key name="widget_files_title">
        <value>
                groups file
        </value>
    </key>
    <key name="view_all_files">
        <value>
                view all
        </value>
    </key>
    <key name="add_file">
        <value>
                add file
        </value>
    </key>
    <key name="create_field_file_name_label">
        <value>
                file name
        </value>
    </key>
    <key name="create_field_file_upload_label">
        <value>
                file upload
        </value>
    </key>
    <key name="create_submit_btn_label">
        <value>
                save
        </value>
    </key>
	<key name="back">
        <value>
                back
        </value>
    </key>
	<key name="are_you_sure_delete_file">
        <value>
               are you sure delete this file?
        </value>
    </key>
	<key name="feed_add_file_string">
        <value>
            add &lt;a href="{$fileUrl}"&gt;{$file}&lt;/a&gt; to &lt;a href="{$groupUrl}"&gt;{$groupTitle}&lt;/a&gt;.
        </value>
    </key>
	<key name="name">
        <value>
               name
        </value>
    </key>
	<key name="created_date">
        <value>
               created date
        </value>
    </key>
    <key name="by">
        <value>
            creator
        </value>
    </key>
    <key name="file_list_widget_empty">
        <value>
            No file exists.
        </value>
    </key>
	    <key name="email_notification_section_label">
        <value>
           groups
        </value>
    </key>
    <key name="email_notifications_setting_file">
        <value>
            File added to a group
        </value>
    </key>
		<key name="notif_add_file_string">
        <value>
           &lt;a href="{$userUrl}"&gt;{$userName}&lt;/a&gt; add &lt;a href="{$fileUrl}"&gt;{$file}&lt;/a&gt; to &lt;a href="{$groupUrl}"&gt;{$groupTitle}&lt;/a&gt;.
        </value>
    </key>
	    <key name="email_notifications_setting_status">
        <value>
            File added to a group
        </value>
    </key>
		<key name="notif_update_status_string">
        <value>
           &lt;a href="{$userUrl}"&gt;{$userName}&lt;/a&gt; add new status to &lt;a href="{$groupUrl}"&gt;{$groupTitle}&lt;/a&gt;.
        </value>
    </key>
    <key name="choose_category">
        <value>
            Select category
        </value>
    </key>
</prefix>
