<?xml version="1.0" encoding="utf-8"?>
<prefix name="iispasswordchangeinterval" label="iispasswordchangeinterval" language_tag="fa-IR" language_label="فارسی">
    <key name="change_password_per_day_label">
        <value>تغییر گذرواژه بصورت بازه ای (بر حسب روز)</value>
    </key>
    <key name="change_password_per_day_description">
        <value>
            شما می‌توانید کاربران را ملزم کنید تا در روز مشخصی گذرواژه خود را تغییر دهند. همچنین می‌توانید مشخص کنید که چگونه با کاربرانی که گذرواژه آنها منقضی شده است تعامل کنید. وقتی گذرواژه کاربری منقضی شود، افزونه به طور خودکار تغییر گذرواژه را اطلاع می‌دهد.
        </value>
    </key>
    <key name="deal_with_expired_password">
        <value>نحوه مقابله با گذرواژه‌های منقضی شده</value>
    </key>
    <key name="deal_with_expired_password_normal_without_notif">
        <value>
            کاربران قادر هستند هر کاری انجام دهد
        </value>
    </key>
    <key name="deal_with_expired_password_normal_with_notif">
        <value>
            کاربران با آگاه شدن از منقضی بودن گذرواژه خود، قادر هستند هر کاری انجام دهند
        </value>
    </key>
    <key name="deal_with_expired_password_force_with_notif">
        <value>کاربران تا تغییر گذرواژه‌شان هیچ کاری نمی‌توانند انجام دهند.</value>
    </key>
    <key name="title_setting_change_password">
        <value>تغییر گذرواژه (روز)</value>
    </key>
    <key name="title_change_password">
        <value>تغییر گذرواژه</value>
    </key>
    <key name="description_change_password">
        <value>
            شما باید گذرواژه خود را به دلیل چالش امنیتی تغییر دهید
        </value>
    </key>
    <key name="settings_successfuly_saved">
        <value>تنظیمات با موفقیت ذخیره شد.</value>
    </key>
    <key name="password_validation_header">
        <value>تنظیم اعتبار سنجی گذرواژه‌ها</value>
    </key>
    <key name="set_all_password_invalid">
        <value>
            نامعتبر سازی تمامی گذرواژه‌ها
        </value>
    </key>
    <key name="set_all_password_valid">
        <value>
            معتبرسازی تمامی گذرواژه‌ها
        </value>
    </key>
    <key name="set_all_password_invalid_description">
        <value>
            شما می‏توانید گذرواژه‌های تمامی کاربران را نامعتبر کنید.
        </value>
    </key>
    <key name="set_all_password_valid_description">
        <value>
            شما می‏توانید گذرواژه‌ها تمامی کاربران را معتبر کنید تا آن‏ها نیاز به تغییر گذرواژه نداشته باشند.
        </value>
    </key>
    <key name="database_record_invalidate">
        <value>گذرواژه اکنون نامعتبر است.</value>
    </key>
    <key name="database_all_record_invalidate">
        <value>همه گذرواژه‌ها اکنون نا معتبر است.</value>
    </key>
    <key name="invalid_users_header">
        <value>
            کاربران نامعتبر
        </value>
    </key>
    <key name="valid_users_header">
        <value>
            کاربران معتبر
        </value>
    </key>
    <key name="invalidate_user_passwprd_warning">
        <value>آیا از نامعتبرسازی گذرواژه این کاربر اطمینان دارید؟</value>
    </key>
    <key name="invalidate_status_label">
        <value>نامعتبرسازی گذرواژه این کاربر</value>
    </key>
    <key name="email_for_changing_password_description">
        <value>
            کاربر گرامی ({$username})،
            &lt;br&gt;&lt;br&gt;
            به دلیل چالش امنیتی نیاز است تا شما گذرواژه خود را تغییر دهید. شما می‌توانید تغییر گذرواژه خودرا با پیوند زیر انجام دهید.
        </value>
    </key>
    <key name="email_for_changing_password_subject">
        <value>تغییر گذرواژه شما</value>
    </key>
    <key name="password_is_invalid_header">
        <value>گذرواژه شما نامعتبر است.</value>
    </key>
    <key name="password_is_invalid_description">
        <value>
            گذرواژه قبلی شما به دلیل چالش امنیتی نامعتبر است. نیاز است تا شما از پیوندی که به رایانشانی شما فرستاده شده وارد شوید و گذرواژه خود را تغییر دهید.
        </value>
    </key>
    <key name="resend_email_change_password_label">
        <value>فرستادن دوباره رایانشانی برای تغییر گذرواژه شما</value>
    </key>
    <key name="change_password_link_sent">
        <value>رایانشانی فرستاده شد.</value>
    </key>
    <key name="username_label">
        <value>نام کاربری</value>
    </key>
    <key name="email_label">
        <value>رایانشانی</value>
    </key>
    <key name="token_is_expired_description">
        <value>توکن شما برای تغییر گذرواژه‌تان نامعتبر شده است. شما باید روی پیوند فرستادن دوباره کلیک کنید.</value>
    </key>
    <key name="password_is_empty">
        <value>فیلد گذرواژه نمی‌تواند خالی باشد.</value>
    </key>
    <key name="repeated_password_is_empty">
        <value>فیلد تکرار گذرواژه نمی‌تواند خالی باشد.</value>
    </key>
    <key name="password_is_equal_with_old_password">
        <value>گذرواژه جدید نمی‌تواند برابر با گذرواژه قبلی باشد.</value>
    </key>
    <key name="password_is_not_equal_with_repeated_password">
        <value>گذرواژه باید با تکرار گذرواژه برابر باشد.</value>
    </key>
    <key name="password_changed_successfully">
        <value>گذرواژه شما با موفقیت تغییر کرد.</value>
    </key>
    <key name="password_is_not_secure">
        <value>گذرواژه شما امنیت لازم را ندارد.</value>
    </key>
    <key name="search_username">
        <value>
            جستجو بر اساس نام کاربری یا رایانامه
        </value>
    </key>
    <key name="find_users">
        <value>
            جستجوی کاربران
        </value>
    </key>
    <key name="find_users_placeholder">
        <value>
            بخشی از نام کاربری یا رایانامه کاربر را وارد نمایید
        </value>
    </key>
    <key name="admin_page_heading">
        <value>
            تنظیمات افزونه تغییر دوره ای رمز عبور
        </value>
    </key>
    <key name="admin_page_title">
        <value>
            تنظیمات افزونه تغییر دوره ای رمز عبور
        </value>
    </key>
</prefix>
