<?xml version="1.0" encoding="utf-8"?>
<prefix name="iisblockingip" label="iisblockingip" language_tag="fa-IR" language_label="فارسی">
    <key name="captcha_activate_label">
        <value>
            نمایش کپچا در فرم ورود
        </value>
    </key>
	<key name="captcha_try_label">
        <value>تعداد دفعات تلاش ناموفق برای نمایش کپچا در فرم ورود (خالی گذاشتن برای نمایش همیشگی کپچا)</value>
    </key>
	<key name="block_activate_label">
        <value>مسدود کردن کاربران ناهنجار</value>
    </key>
	<key name="block_try_label">
        <value>تعداد دفعات تلاش ناموفق در فرم ورود/ثبت‌نام برای کاربران ناهنجار</value>
    </key>
	<key name="Lock_per_minute_label">
        <value>
میزان زمان قفل شدن کاربران (به دقیقه)
        </value>
    </key>
	<key name="title_locked">
        <value>شما مسدود شده‌اید!</value>
    </key>
    <key name="description_locked">
        <value>حساب کاربری شما به دلیل مسائل امنیتی قفل شده است. حساب کاربری شما در زمان مشخص شده از قفل در می آید.</value>
    </key>
	 <key name="settings_successfuly_saved">
        <value>تنظیمات با موفقیت ذخیره شد.</value>
    </key>
    <key name="admin_page_heading">
        <value>تنظیمات افزونه مسدودکردن کاربران ناهنجار</value>
    </key>
    <key name="admin_page_title">
        <value>تنظیمات افزونه مسدودکردن کاربران ناهنجار</value>
    </key>
</prefix>
