﻿<?xml version="1.0" encoding="utf-8"?>
<prefix name="friends" label="Friends" language_tag="fa-IR" language_label="فارسی">
<key name="accept_request">
	<value>
		تایید
	</value>
</key>
<key name="accept_friendship_request">
	<value>
		تایید درخواست افزودن مخاطب
	</value>
</key>
<key name="activity_content">
	<value>
		{$user_avatar} {$requester_avatar}
	</value>
</key>
<key name="activity_title">
	<value>
		&lt;a href="{$user_url}"&gt;{$name}&lt;/a&gt; و &lt;a href="{$requester_url}"&gt;{$requester_name}&lt;/a&gt; اکنون مخاطب یکدیگر هستند
	</value>
</key>
<key name="add_to_friends">
	<value>
		افزودن به مخاطبان
	</value>
</key>
<key name="auth_action_label_add_friend">
	<value>
		ارسال درخواست افزودن مخاطب
	</value>
</key>
<key name="auth_group_label">
	<value>
		مخاطبان
	</value>
</key>
<key name="cancel_request">
	<value>
		لغو
	</value>
</key>
<key name="comment_activity_string">
	<value>
		نظر داد بر روی {$user1} و {$user2} که اکنون مخاطب یکدگر شدند
	</value>
</key>
<key name="confirmed_mail_html">
<value>&lt;p&gt;&#13;
{$sender} گرامی&#13;
&lt;/p&gt;&#13;
&lt;p&gt;&#13;
خیلی خوشحال هستیم که به شما خبر میدهیم اکنون شما و &lt;a href="{$receiver_url}"&gt;{$receiver}&lt;/a&gt; در &lt;a href="{$site_url}"&gt;{$site_name}&lt;/a&gt; مخاطب یکدیگر هستید&#13;
&lt;/p&gt;&#13;
</value></key>
<key name="confirmed_mail_subject"><value>هم اکنون {$receiver} مخاطب شما می باشد</value></key>
<key name="confirmed_mail_txt">
<value>
{$sender} گرامی خیلی خوشحال هستیم که به شما خبر میدهیم اکنون شما و {$receiver} در {$site_name} مخاطب یکدیگر هستید&#13;
&#13;
{$receiver} نمایه : {$receiver_url}&#13;
{$site_name}: {$site_url}&#13;
&#13;
</value></key>
<key name="console_requests_title"><value>درخواست‌های افزودن مخاطب</value></key>
<key name="console_request_item"><value>&lt;a target="_blank" href="{$userUrl}"&gt;{$displayName}&lt;/a&gt; می‌خواهد مخاطب شما شود</value></key>
<key name="email_notifications_setting_accept"><value>کسی درخواست افزودن مخاطب من را تایید کرده است</value></key>
<key name="email_notifications_setting_request"><value>کسی برای من درخواست افزودن مخاطب ارسال کرده است</value></key>
<key name="feedback_cancelled"><value>کاربر مورد نظر از فهرست مخاطبان شما حذف شد</value></key>
<key name="feedback_request_accepted"><value>مخاطب جدید افزوده شد</value></key>
<key name="feedback_request_already_sent_error_message"><value>درخواست درحال حاضر فرستاده شده است.</value></key>
<key name="feedback_request_ignored"><value>درخواست رد شد</value></key>
<key name="feedback_request_was_sent"><value>درخواست افزودن مخاطب ارسال شد</value></key>
<key name="feed_content_label">
	<value>
		مخاطبان
	</value>
</key>
<key name="friendship_management_area">
	<value>
		مدیریت مخاطبان
	</value>
</key>
<key name="friends_tab">
	<value>
		مخاطب {$count}
	</value>
</key>
<key name="friend_requests">
	<value>
		درخواست‌های افزودن مخاطب
	</value>
</key>
<key name="friend_request_was_sent">
	<value>
		درخواست افزودن مخاطب فرستاده شد
	</value>
</key>
<key name="got_requests_tab">
	<value>
		{$count} درخواست افزودن مخاطب
	</value>
</key>
<key name="ignore_request">
	<value>
		نادید گرفتن
	</value>
</key>
<key name="like_activity_string">
	<value>
		می‌پسندد که {$user1} و {$user2} اکنون مخاطب یکدیگر هستند
	</value>
</key>
<key name="my_friends_page_heading">
	<value>
		مخاطبان من
	</value>
</key>
<key name="my_friends_page_title">
	<value>
		مخاطبان من - {$site_name}
	</value>
</key>
<key name="newsfeed_action_string">
	<value>
		و &lt;a href="{$user_url}"&gt;{$name}&lt;/a&gt; هم اکنون مخاطب یکدیگر هستند!
	</value>
</key>
<key name="new_friend_added">
	<value>
		مخاطب جدید افزوده شد
	</value>
</key>
<key name="notification_section_label">
	<value>
		مخاطبان
	</value>
</key>
<key name="notify_accept">
	<value>
		{$receiver} شما را به عنوان مخاطب تایید کرد.
	</value>
</key>
<key name="notify_request">
	<value>
		{$sender} می خواهد مخاطب شما شود
	</value>
</key>
<key name="notify_request_content">
	<value>
		&lt;a href="{$request_url}"&gt;اینجا کلیک کنید&lt;/a&gt; برای تایید این درخواست .&#13;
		&lt;/p&gt;
	</value>
</key>
<key name="notify_request_content_string">
	<value>
		&lt;p&gt;برای مشاهده تمام درخواست‌ها &lt;a href="{$url}"&gt;اینجا&lt;/a&gt; کلیک کنید &lt;/p&gt;
	</value>
</key>
<key name="notify_request_string">
	<value>
		&lt;a href="{$userUrl}"&gt;{$displayName}&lt;/a&gt; درخواست افزودن شما به مخاطبان خود را دارد.
	</value>
</key>
<key name="privacy_action_view_friends"><value>نمایش مخاطبان من</value></key>
<key name="privacy_friends_only"><value>مخاطبان من</value></key>
<key name="remove_from_friends"><value>حذف از مخاطبان</value></key>
<key name="remove_from_friendship_button"><value>حذف از مخاطبان</value></key>
<key name="remove_friendship_request"><value>حذف درخواست افزودن مخاطب</value></key>
<key name="request_friendship_button"><value>ارسال درخواست افزودن مخاطب</value></key>
<key name="request_mail_html"><value></value></key>
<key name="request_mail_subject"><value>{$sender} درخواست افزودن شما به مخاطبان خود را دارد</value></key>
<key name="request_mail_txt"><value></value></key>
<key name="sent_requests_tab"><value>درخواست‌های ارسال شده {$count}</value></key>
<key name="usercredits_action_add_friend"><value>درخواست افزودن مخاطب</value></key>
<key name="user_friends_page_heading"><value>{$user} مخاطبان</value></key>
<key name="user_friends_page_title"><value>{$user} مخاطبان - {$site_name}</value></key>
<key name="user_widget_empty"><value>هنوز مخاطبی ندارد</value></key>
<key name="user_widget_settings_count"><value>تعداد</value></key>
<key name="user_widget_title"><value>مخاطبان</value></key>
<key name="view_profile"><value>نمایش</value></key>
<key name="widget_friends"><value>مخاطبان</value></key>
<key name="widget_got_requests"><value>درخواست‌های رسیده</value></key>
<key name="widget_sent_requests"><value>درخواست‌های فرستاده شده</value></key>
<key name="widget_title"><value>مخاطبان من</value></key>
</prefix>
