<?xml version="1.0" encoding="utf-8"?>
<prefix name="iispasswordstrengthmeter" label="iispasswordchangeinterval" language_tag="fa-IR" language_label="فارسی">
    <key name="minimum_length_label">
        <value>طول (کمترین)</value>
    </key>
	<key name="minimum_number_label">
        <value>تعداد کاراکتر (کمترین)</value>
    </key>
    <key name="minimum_uppercase_label">
        <value>کاراکترهای حروف بزرگ (کمترین)</value>
    </key>
    <key name="settings_successfuly_saved">
        <value>تنظیمات با موفقیت ذخیره شدند.</value>
    </key>
    <key name="strength_poor_label">
        <value>خیلی ضعیف</value>
    </key>
    <key name="strength_weak_label">
        <value>ضعیف</value>
    </key>
    <key name="strength_good_label">
        <value>خوب</value>
    </key>
    <key name="strength_excellent_label">
        <value>عالی</value>
    </key>
	<key name="password_repeatpassword_compare_error">
        <value>
            گذرواژه و تکرار گذرواژه با هم یکسان نیستند
        </value>
    </key>
    <key name="strength_password_validate_error">
        <value>
            گذرواژه وارد شده، حداقل استحکام مورد نیاز را ندارد. حداقل استحکام قابل قبول، سطح {$value} است.
        </value>
    </key>
    <key name="minimum_requirement_password_strength_label">
        <value>انتخاب حداقل معیار قبولی برای گذرواژه</value>
    </key>
    <key name="secure_password_information_title">
        <value>چگونه یک گذرواژه قوی انتخاب شود؟</value>
    </key>
    <key name="secure_password_information_description">
        <value>گذرواژه باید حداقل 3 از 4 قانون پیچیدگی زیر را دارا باشد:</value>
    </key>
    <key name="secure_password_information_rule1">
        <value>حداقل یک کاراکتر با حروف الفبا بزرگ (A-Z)</value>
    </key>
    <key name="secure_password_information_rule2">
        <value>حداقل یک کاراکتر با حروف الفبا کوچک (a-z)</value>
    </key>
    <key name="secure_password_information_rule3">
        <value>حداقل یک رقم (0-9)</value>
    </key>
    <key name="secure_password_information_rule4">
        <value>حداقل یک کاراکتر ویژه</value>
    </key>
    <key name="secure_password_information_minimum_character">
        <value>
            همچنین حداقل طول کاراکتر قابل قبول گذرواژه {$value} است و گذرواژه باید دارای حداقل سطح امنیتی {$value2} باشد.
        </value>
    </key>
    <key name="secure_password_information_minimum_strength_type">
        <value>گذرواژه باید دارای حداقل سطح امنیتی {$value} باشد. لطفا گذرواژه مناسب‌تری انتخاب شود.</value>
    </key>
    <key name="secure_password_information_order_of_strength">
        <value>لیست انواع استحکام گذرواژه:</value>
    </key>

    <key name="admin_page_heading">
        <value>تنظیمات افزونه نمایشگر میزان قدرت گذرواژه</value>
    </key>
    <key name="admin_page_title">
        <value>تنظیمات افزونه نمایشگر میزان قدرت گذرواژه</value>
    </key>
</prefix>