<?xml version="1.0" encoding="utf-8"?>
<prefix name="iispasswordstrengthmeter" label="iispasswordchangeinterval" language_tag="en" language_label="English">
    <key name="minimum_length_label">
        <value>Length (min)</value>
    </key>
	<key name="minimum_number_label">
        <value>Number character (min)</value>
    </key>
    <key name="minimum_uppercase_label">
        <value>Uppercase character (min)</value>
    </key>
    <key name="settings_successfuly_saved">
        <value>Settings successfuly saved</value>
    </key>
    <key name="strength_poor_label">
        <value>Poor</value>
    </key>
    <key name="strength_weak_label">
        <value>Weak</value>
    </key>
    <key name="strength_good_label">
        <value>Good</value>
    </key>
    <key name="strength_excellent_label">
        <value>Excellent</value>
    </key>
	<key name="password_repeatpassword_compare_error">
        <value>
            Password and repeat password are not same
        </value>
    </key>
    <key name="strength_password_validate_error">
        <value>Minimum acceptable strength is {$value}.</value>
    </key>
    <key name="minimum_requirement_password_strength_label">
        <value>Choos minimum acceptable password strength acceptable metric</value>
    </key>
    <key name="secure_password_information_title">
        <value>How to choose a strong password?</value>
    </key>
    <key name="secure_password_information_description">
        <value>Password must meet at least 3 out of the following 4 complexity rules:</value>
    </key>
    <key name="secure_password_information_rule1">
        <value>At least 1 uppercase character (A-Z)</value>
    </key>
    <key name="secure_password_information_rule2">
        <value>At least 1 lowercase character (a-z)</value>
    </key>
    <key name="secure_password_information_rule3">
        <value>At least 1 digit (0-9)</value>
    </key>
    <key name="secure_password_information_rule4">
        <value>At least 1 special character</value>
    </key>
    <key name="secure_password_information_minimum_character">
        <value>Also minimum acceptable password character length is {$value} and minimum acceptable password strength type is {$value2}.</value>
    </key>
    <key name="secure_password_information_minimum_strength_type">
        <value>Minimum acceptable password strength type is {$value}.</value>
    </key>
    <key name="secure_password_information_order_of_strength">
        <value>List of password strength types:</value>
    </key>
    <key name="admin_page_heading">
        <value>Password strength meter plugin</value>
    </key>
    <key name="admin_page_title">
        <value>Password strength meter plugin</value>
    </key>

</prefix>