﻿<?xml version="1.0" encoding="utf-8"?>
<prefix name="iiseventplus" label="iiseventplus" language_tag="fa-IR" language_label="فارسی">
    <key name="event_general">
        <value>
            رویدادهای عمومی
        </value>
    </key>
    <key name="event_my">
        <value>
        رویدادهای من
        </value>
    </key>
	<key name="leave_button_label">
        <value>
      ترک رویداد
        </value>
    </key>
	<key name="leave_confirm_message">
        <value>
        آیا از ترک این رویداد مطمئن هستید؟
        </value>
    </key>
	<key name="no_category">
        <value>
			بدون دسته
        </value>
    </key>
	<key name="are_you_sure">
        <value>
			ایا مطمئن هستید؟‌(با حذف این دسته، تمامی رویدادهای دسته مورد نظر بدون دسته خواهند شد)
        </value>
    </key>
	<key name="participate_all">
        <value>
			همه موارد
        </value>
    </key>
		<key name="participate_sure">
        <value>
			شرکت می کنم
        </value>
    </key>
		<key name="participate_maybe">
        <value>
			شاید شرکت کنم
        </value>
    </key>
		<key name="participate_no">
        <value>
			شرکت نمی کنم
        </value>
    </key>
		<key name="date_all">
        <value>
			هر زمان
        </value>
    </key>
		<key name="date_latest">
        <value>
			آینده
        </value>
    </key>
		<key name="date_past">
        <value>
			گذشته
        </value>
    </key>
	<key name="search_btn_label">
        <value>
			جستجو
        </value>
    </key>
	<key name="select_category">
        <value>
			هر دسته
        </value>
    </key>
	<key name="view_category_label">
        <value>
			دسته:
        </value>
    </key>
	<key name="event_general_heading">
        <value>
			رویدادهای عمومی
        </value>
    </key>
	<key name="event_general_events_page_title">
        <value>
			رویدادهای عمومی
        </value>
    </key>
	<key name="event_my_heading">
        <value>
		رویدادهایی که من عضو هستم
        </value>
    </key>
	<key name="event_my_events_page_title">
        <value>
		رویدادهایی که من عضو هستم
        </value>
    </key>
	<key name="admin_category_title">
        <value>
		تنظیمات افزونه رویداد پلاس
        </value>
    </key>
	<key name="admin_category_heading">
        <value>
		تنظیمات افزونه رویداد پلاس
        </value>
    </key>
	<key name="label_category_label">
        <value>
			دسته مورد نظر خود را وارد کنید
        </value>
    </key>
	<key name="name_category">
        <value>
			نام دسته
        </value>
    </key>
	<key name="form_add_category_submit">
        <value>
			ذخیره
        </value>
    </key>
	<key name="edit_item">
        <value>
			ویرایش
        </value>
    </key>
	<key name="edit_item_page_title">
        <value>
			ویرایش دسته
        </value>
    </key>
	<key name="database_record_edit">
        <value>
			داده با موفقیت در پایگاه داده ذخیره شد
        </value>
    </key>
	<key name="delete_item">
        <value>
			حذف
        </value>
    </key>
	<key name="label_error_already_exist">
        <value>
			دسته مورد نظر در حال حاضر موجود است
        </value>
    </key>
	<key name="search_title">
        <value>
			جستجو بر اساس عنوان رویداد
        </value>
    </key>
	<key name="invited_events_page_title">
        <value>
			رویدادهای دعوت شده
        </value>
    </key>
    <key name="choose_category">
        <value>
            انتخاب دسته
        </value>
    </key>
</prefix>
